{
    "loss": 2.148470163345337,
    "accuracy": 0.8181818127632141
}