{
    "loss": 3.025571584701538,
    "accuracy": 0.8181818127632141
}